﻿<?xml version="1.0" encoding="utf-8"?>
<Product xmlns="http://schemas.microsoft.com/developer/2004/01/bootstrapper" ProductCode="Microsoft.SqlServer.SqlLocalDB.13.0">
  <RelatedProducts>
    <IncludesProduct Code="Microsoft.SqlServer.SqlLocalDB.15.0" />
  </RelatedProducts>

  <PackageFiles CopyAllPackageFiles="true">
   
    <PackageFile
      Name="sqllocaldb.msi"
    />
  </PackageFiles>

  <InstallChecks>
    <!-- Check if already installed -->
    <FileCheck
      Property="sqllocaldbVersion"
      FileName="sqlservr.exe"
      SearchPath="Microsoft SQL Server\150\LocalDB\Binn"
      SpecialFolder="ProgramFilesFolder"
    />
    <!-- Check for x64 install from x86 installer -->
    <FileCheck
      Property="sqllocaldbVersion_x64"
      FileName="sqlservr.exe"
      SearchPath="Program Files\Microsoft SQL Server\150\LocalDB\Binn"
      SpecialFolder="WindowsVolume"
    />
  </InstallChecks>

  <Commands Reboot="Defer">
   <Command PackageFile="sqllocaldb.msi" Arguments="IACCEPTSQLLOCALDBLICENSETERMS=YES" EstimatedInstallSeconds="90">
      <InstallConditions>
        <BypassIf Property="ProcessorArchitecture" Compare="ValueNotEqualTo" Value="amd64" />
        <BypassIf Property="sqllocaldbVersion" Compare="VersionGreaterThanOrEqualTo" Value="15.0.2000.5" />
        <BypassIf Property="sqllocaldbVersion_x64" Compare="VersionGreaterThanOrEqualTo" Value="15.0.2000.5" />
      </InstallConditions>
      <ExitCodes>
        <ExitCode Value="0" Result="Success" />
        <ExitCode Value="1641" Result="SuccessReboot" />
        <ExitCode Value="3010" Result="SuccessReboot" />
        <DefaultExitCode Result="Fail" String="GeneralFailure" FormatMessageFromSystem="true" />
      </ExitCodes>
    </Command>
  </Commands>
</Product>